reminderId,userId,text,scheduledTime
REM1,U219,Practice coding,2024-01-01T00:00:00
REM2,U133,Practice coding,2024-01-01T00:15:00
REM3,U67,Check emails,2024-01-01T00:30:00
REM4,U267,Check emails,2024-01-01T00:45:00
REM5,U253,Drink water,2024-01-01T01:00:00
REM6,U120,Submit report,2024-01-01T01:15:00
REM7,U100,Exam reminder,2024-01-01T01:30:00
REM8,U61,Exam reminder,2024-01-01T01:45:00
REM9,U239,Meeting alert,2024-01-01T02:00:00
REM10,U107,Pay bill,2024-01-01T02:15:00
REM11,U212,Exam reminder,2024-01-01T02:30:00
REM12,U171,Practice coding,2024-01-01T02:45:00
REM13,U287,Call teammate,2024-01-01T03:00:00
REM14,U6,Call teammate,2024-01-01T03:15:00
REM15,U145,Submit report,2024-01-01T03:30:00
REM16,U35,Submit report,2024-01-01T03:45:00
REM17,U154,Practice coding,2024-01-01T04:00:00
REM18,U4,Meeting alert,2024-01-01T04:15:00
REM19,U171,Practice coding,2024-01-01T04:30:00
REM20,U203,Exam reminder,2024-01-01T04:45:00
REM21,U90,Call teammate,2024-01-01T05:00:00
REM22,U170,Practice coding,2024-01-01T05:15:00
REM23,U246,Check emails,2024-01-01T05:30:00
REM24,U19,Drink water,2024-01-01T05:45:00
REM25,U247,Drink water,2024-01-01T06:00:00
REM26,U236,Practice coding,2024-01-01T06:15:00
REM27,U237,Pay bill,2024-01-01T06:30:00
REM28,U29,Submit report,2024-01-01T06:45:00
REM29,U290,Practice coding,2024-01-01T07:00:00
REM30,U285,Exam reminder,2024-01-01T07:15:00
REM31,U107,Practice coding,2024-01-01T07:30:00
REM32,U182,Meeting alert,2024-01-01T07:45:00
REM33,U77,Submit report,2024-01-01T08:00:00
REM34,U16,Practice coding,2024-01-01T08:15:00
REM35,U193,Drink water,2024-01-01T08:30:00
REM36,U293,Pay bill,2024-01-01T08:45:00
REM37,U96,Meeting alert,2024-01-01T09:00:00
REM38,U158,Practice coding,2024-01-01T09:15:00
REM39,U17,Submit report,2024-01-01T09:30:00
REM40,U212,Meeting alert,2024-01-01T09:45:00
REM41,U255,Call teammate,2024-01-01T10:00:00
REM42,U191,Check emails,2024-01-01T10:15:00
REM43,U155,Call teammate,2024-01-01T10:30:00
REM44,U269,Submit report,2024-01-01T10:45:00
REM45,U90,Meeting alert,2024-01-01T11:00:00
REM46,U192,Exam reminder,2024-01-01T11:15:00
REM47,U104,Meeting alert,2024-01-01T11:30:00
REM48,U228,Exam reminder,2024-01-01T11:45:00
REM49,U248,Drink water,2024-01-01T12:00:00
REM50,U98,Practice coding,2024-01-01T12:15:00
REM51,U248,Submit report,2024-01-01T12:30:00
REM52,U168,Drink water,2024-01-01T12:45:00
REM53,U51,Drink water,2024-01-01T13:00:00
REM54,U106,Exam reminder,2024-01-01T13:15:00
REM55,U236,Pay bill,2024-01-01T13:30:00
REM56,U268,Meeting alert,2024-01-01T13:45:00
REM57,U3,Submit report,2024-01-01T14:00:00
REM58,U23,Meeting alert,2024-01-01T14:15:00
REM59,U171,Check emails,2024-01-01T14:30:00
REM60,U24,Meeting alert,2024-01-01T14:45:00
REM61,U267,Submit report,2024-01-01T15:00:00
REM62,U12,Submit report,2024-01-01T15:15:00
REM63,U108,Practice coding,2024-01-01T15:30:00
REM64,U103,Call teammate,2024-01-01T15:45:00
REM65,U147,Submit report,2024-01-01T16:00:00
REM66,U273,Practice coding,2024-01-01T16:15:00
REM67,U226,Meeting alert,2024-01-01T16:30:00
REM68,U140,Drink water,2024-01-01T16:45:00
REM69,U81,Submit report,2024-01-01T17:00:00
REM70,U59,Exam reminder,2024-01-01T17:15:00
REM71,U287,Meeting alert,2024-01-01T17:30:00
REM72,U106,Practice coding,2024-01-01T17:45:00
REM73,U282,Practice coding,2024-01-01T18:00:00
REM74,U139,Drink water,2024-01-01T18:15:00
REM75,U146,Call teammate,2024-01-01T18:30:00
REM76,U88,Meeting alert,2024-01-01T18:45:00
REM77,U160,Practice coding,2024-01-01T19:00:00
REM78,U277,Check emails,2024-01-01T19:15:00
REM79,U26,Drink water,2024-01-01T19:30:00
REM80,U15,Check emails,2024-01-01T19:45:00
REM81,U26,Meeting alert,2024-01-01T20:00:00
REM82,U197,Exam reminder,2024-01-01T20:15:00
REM83,U45,Pay bill,2024-01-01T20:30:00
REM84,U201,Drink water,2024-01-01T20:45:00
REM85,U229,Practice coding,2024-01-01T21:00:00
REM86,U160,Practice coding,2024-01-01T21:15:00
REM87,U102,Meeting alert,2024-01-01T21:30:00
REM88,U239,Drink water,2024-01-01T21:45:00
REM89,U48,Check emails,2024-01-01T22:00:00
REM90,U50,Check emails,2024-01-01T22:15:00
REM91,U159,Check emails,2024-01-01T22:30:00
REM92,U241,Call teammate,2024-01-01T22:45:00
REM93,U115,Drink water,2024-01-01T23:00:00
REM94,U133,Practice coding,2024-01-01T23:15:00
REM95,U201,Drink water,2024-01-01T23:30:00
REM96,U170,Practice coding,2024-01-01T23:45:00
REM97,U233,Check emails,2024-01-02T00:00:00
REM98,U16,Meeting alert,2024-01-02T00:15:00
REM99,U244,Meeting alert,2024-01-02T00:30:00
REM100,U180,Check emails,2024-01-02T00:45:00
REM101,U237,Drink water,2024-01-02T01:00:00
REM102,U145,Practice coding,2024-01-02T01:15:00
REM103,U295,Drink water,2024-01-02T01:30:00
REM104,U261,Meeting alert,2024-01-02T01:45:00
REM105,U208,Meeting alert,2024-01-02T02:00:00
REM106,U167,Meeting alert,2024-01-02T02:15:00
REM107,U155,Check emails,2024-01-02T02:30:00
REM108,U206,Pay bill,2024-01-02T02:45:00
REM109,U123,Call teammate,2024-01-02T03:00:00
REM110,U281,Drink water,2024-01-02T03:15:00
REM111,U247,Pay bill,2024-01-02T03:30:00
REM112,U34,Practice coding,2024-01-02T03:45:00
REM113,U107,Pay bill,2024-01-02T04:00:00
REM114,U223,Practice coding,2024-01-02T04:15:00
REM115,U279,Call teammate,2024-01-02T04:30:00
REM116,U89,Meeting alert,2024-01-02T04:45:00
REM117,U294,Check emails,2024-01-02T05:00:00
REM118,U59,Check emails,2024-01-02T05:15:00
REM119,U167,Meeting alert,2024-01-02T05:30:00
REM120,U228,Drink water,2024-01-02T05:45:00
REM121,U158,Pay bill,2024-01-02T06:00:00
REM122,U36,Meeting alert,2024-01-02T06:15:00
REM123,U195,Practice coding,2024-01-02T06:30:00
REM124,U254,Exam reminder,2024-01-02T06:45:00
REM125,U47,Call teammate,2024-01-02T07:00:00
REM126,U72,Exam reminder,2024-01-02T07:15:00
REM127,U76,Drink water,2024-01-02T07:30:00
REM128,U232,Submit report,2024-01-02T07:45:00
REM129,U200,Check emails,2024-01-02T08:00:00
REM130,U101,Call teammate,2024-01-02T08:15:00
REM131,U163,Submit report,2024-01-02T08:30:00
REM132,U292,Submit report,2024-01-02T08:45:00
REM133,U223,Practice coding,2024-01-02T09:00:00
REM134,U46,Exam reminder,2024-01-02T09:15:00
REM135,U262,Pay bill,2024-01-02T09:30:00
REM136,U66,Submit report,2024-01-02T09:45:00
REM137,U32,Practice coding,2024-01-02T10:00:00
REM138,U282,Exam reminder,2024-01-02T10:15:00
REM139,U1,Practice coding,2024-01-02T10:30:00
REM140,U57,Submit report,2024-01-02T10:45:00
REM141,U16,Call teammate,2024-01-02T11:00:00
REM142,U222,Pay bill,2024-01-02T11:15:00
REM143,U163,Pay bill,2024-01-02T11:30:00
REM144,U208,Pay bill,2024-01-02T11:45:00
REM145,U223,Call teammate,2024-01-02T12:00:00
REM146,U89,Check emails,2024-01-02T12:15:00
REM147,U72,Call teammate,2024-01-02T12:30:00
REM148,U285,Pay bill,2024-01-02T12:45:00
REM149,U185,Pay bill,2024-01-02T13:00:00
REM150,U79,Submit report,2024-01-02T13:15:00
REM151,U65,Drink water,2024-01-02T13:30:00
REM152,U6,Meeting alert,2024-01-02T13:45:00
REM153,U9,Drink water,2024-01-02T14:00:00
REM154,U250,Pay bill,2024-01-02T14:15:00
REM155,U70,Meeting alert,2024-01-02T14:30:00
REM156,U71,Pay bill,2024-01-02T14:45:00
REM157,U234,Pay bill,2024-01-02T15:00:00
REM158,U93,Check emails,2024-01-02T15:15:00
REM159,U261,Pay bill,2024-01-02T15:30:00
REM160,U283,Check emails,2024-01-02T15:45:00
REM161,U197,Practice coding,2024-01-02T16:00:00
REM162,U116,Drink water,2024-01-02T16:15:00
REM163,U218,Exam reminder,2024-01-02T16:30:00
REM164,U296,Check emails,2024-01-02T16:45:00
REM165,U122,Submit report,2024-01-02T17:00:00
REM166,U211,Practice coding,2024-01-02T17:15:00
REM167,U18,Exam reminder,2024-01-02T17:30:00
REM168,U291,Check emails,2024-01-02T17:45:00
REM169,U189,Meeting alert,2024-01-02T18:00:00
REM170,U298,Check emails,2024-01-02T18:15:00
REM171,U41,Drink water,2024-01-02T18:30:00
REM172,U270,Submit report,2024-01-02T18:45:00
REM173,U239,Meeting alert,2024-01-02T19:00:00
REM174,U268,Meeting alert,2024-01-02T19:15:00
REM175,U126,Check emails,2024-01-02T19:30:00
REM176,U40,Submit report,2024-01-02T19:45:00
REM177,U28,Practice coding,2024-01-02T20:00:00
REM178,U274,Exam reminder,2024-01-02T20:15:00
REM179,U241,Check emails,2024-01-02T20:30:00
REM180,U263,Check emails,2024-01-02T20:45:00
REM181,U294,Practice coding,2024-01-02T21:00:00
REM182,U216,Practice coding,2024-01-02T21:15:00
REM183,U151,Submit report,2024-01-02T21:30:00
REM184,U86,Exam reminder,2024-01-02T21:45:00
REM185,U156,Submit report,2024-01-02T22:00:00
REM186,U32,Check emails,2024-01-02T22:15:00
REM187,U297,Drink water,2024-01-02T22:30:00
REM188,U294,Exam reminder,2024-01-02T22:45:00
REM189,U150,Exam reminder,2024-01-02T23:00:00
REM190,U147,Check emails,2024-01-02T23:15:00
REM191,U43,Drink water,2024-01-02T23:30:00
REM192,U259,Meeting alert,2024-01-02T23:45:00
REM193,U143,Submit report,2024-01-03T00:00:00
REM194,U68,Submit report,2024-01-03T00:15:00
REM195,U141,Submit report,2024-01-03T00:30:00
REM196,U8,Meeting alert,2024-01-03T00:45:00
REM197,U90,Drink water,2024-01-03T01:00:00
REM198,U229,Practice coding,2024-01-03T01:15:00
REM199,U90,Submit report,2024-01-03T01:30:00
REM200,U121,Check emails,2024-01-03T01:45:00
REM201,U93,Exam reminder,2024-01-03T02:00:00
REM202,U176,Meeting alert,2024-01-03T02:15:00
REM203,U75,Drink water,2024-01-03T02:30:00
REM204,U254,Pay bill,2024-01-03T02:45:00
REM205,U197,Call teammate,2024-01-03T03:00:00
REM206,U226,Drink water,2024-01-03T03:15:00
REM207,U108,Practice coding,2024-01-03T03:30:00
REM208,U28,Submit report,2024-01-03T03:45:00
REM209,U60,Exam reminder,2024-01-03T04:00:00
REM210,U86,Check emails,2024-01-03T04:15:00
REM211,U205,Check emails,2024-01-03T04:30:00
REM212,U155,Check emails,2024-01-03T04:45:00
REM213,U273,Call teammate,2024-01-03T05:00:00
REM214,U195,Pay bill,2024-01-03T05:15:00
REM215,U243,Submit report,2024-01-03T05:30:00
REM216,U75,Pay bill,2024-01-03T05:45:00
REM217,U7,Submit report,2024-01-03T06:00:00
REM218,U230,Pay bill,2024-01-03T06:15:00
REM219,U162,Exam reminder,2024-01-03T06:30:00
REM220,U50,Practice coding,2024-01-03T06:45:00
REM221,U222,Submit report,2024-01-03T07:00:00
REM222,U172,Submit report,2024-01-03T07:15:00
REM223,U137,Meeting alert,2024-01-03T07:30:00
REM224,U131,Pay bill,2024-01-03T07:45:00
REM225,U237,Call teammate,2024-01-03T08:00:00
REM226,U100,Practice coding,2024-01-03T08:15:00
REM227,U93,Practice coding,2024-01-03T08:30:00
REM228,U281,Exam reminder,2024-01-03T08:45:00
REM229,U5,Meeting alert,2024-01-03T09:00:00
REM230,U7,Pay bill,2024-01-03T09:15:00
REM231,U51,Meeting alert,2024-01-03T09:30:00
REM232,U229,Practice coding,2024-01-03T09:45:00
REM233,U113,Submit report,2024-01-03T10:00:00
REM234,U129,Call teammate,2024-01-03T10:15:00
REM235,U18,Exam reminder,2024-01-03T10:30:00
REM236,U48,Exam reminder,2024-01-03T10:45:00
REM237,U112,Meeting alert,2024-01-03T11:00:00
REM238,U62,Meeting alert,2024-01-03T11:15:00
REM239,U67,Pay bill,2024-01-03T11:30:00
REM240,U290,Drink water,2024-01-03T11:45:00
REM241,U57,Drink water,2024-01-03T12:00:00
REM242,U130,Submit report,2024-01-03T12:15:00
REM243,U240,Meeting alert,2024-01-03T12:30:00
REM244,U233,Submit report,2024-01-03T12:45:00
REM245,U219,Practice coding,2024-01-03T13:00:00
REM246,U132,Drink water,2024-01-03T13:15:00
REM247,U38,Submit report,2024-01-03T13:30:00
REM248,U32,Pay bill,2024-01-03T13:45:00
REM249,U199,Practice coding,2024-01-03T14:00:00
REM250,U31,Submit report,2024-01-03T14:15:00
REM251,U136,Drink water,2024-01-03T14:30:00
REM252,U226,Meeting alert,2024-01-03T14:45:00
REM253,U252,Call teammate,2024-01-03T15:00:00
REM254,U202,Drink water,2024-01-03T15:15:00
REM255,U252,Meeting alert,2024-01-03T15:30:00
REM256,U74,Pay bill,2024-01-03T15:45:00
REM257,U112,Meeting alert,2024-01-03T16:00:00
REM258,U227,Submit report,2024-01-03T16:15:00
REM259,U53,Exam reminder,2024-01-03T16:30:00
REM260,U38,Meeting alert,2024-01-03T16:45:00
REM261,U293,Submit report,2024-01-03T17:00:00
REM262,U229,Exam reminder,2024-01-03T17:15:00
REM263,U255,Drink water,2024-01-03T17:30:00
REM264,U1,Exam reminder,2024-01-03T17:45:00
REM265,U200,Submit report,2024-01-03T18:00:00
REM266,U78,Practice coding,2024-01-03T18:15:00
REM267,U201,Exam reminder,2024-01-03T18:30:00
REM268,U264,Check emails,2024-01-03T18:45:00
REM269,U245,Pay bill,2024-01-03T19:00:00
REM270,U207,Meeting alert,2024-01-03T19:15:00
REM271,U277,Call teammate,2024-01-03T19:30:00
REM272,U2,Pay bill,2024-01-03T19:45:00
REM273,U247,Meeting alert,2024-01-03T20:00:00
REM274,U291,Practice coding,2024-01-03T20:15:00
REM275,U171,Submit report,2024-01-03T20:30:00
REM276,U206,Exam reminder,2024-01-03T20:45:00
REM277,U47,Practice coding,2024-01-03T21:00:00
REM278,U274,Practice coding,2024-01-03T21:15:00
REM279,U42,Check emails,2024-01-03T21:30:00
REM280,U149,Call teammate,2024-01-03T21:45:00
REM281,U91,Exam reminder,2024-01-03T22:00:00
REM282,U197,Call teammate,2024-01-03T22:15:00
REM283,U154,Pay bill,2024-01-03T22:30:00
REM284,U55,Practice coding,2024-01-03T22:45:00
REM285,U250,Meeting alert,2024-01-03T23:00:00
REM286,U225,Call teammate,2024-01-03T23:15:00
REM287,U72,Exam reminder,2024-01-03T23:30:00
REM288,U99,Exam reminder,2024-01-03T23:45:00
REM289,U123,Check emails,2024-01-04T00:00:00
REM290,U200,Meeting alert,2024-01-04T00:15:00
REM291,U277,Submit report,2024-01-04T00:30:00
REM292,U256,Check emails,2024-01-04T00:45:00
REM293,U9,Exam reminder,2024-01-04T01:00:00
REM294,U174,Exam reminder,2024-01-04T01:15:00
REM295,U173,Exam reminder,2024-01-04T01:30:00
REM296,U208,Meeting alert,2024-01-04T01:45:00
REM297,U109,Check emails,2024-01-04T02:00:00
REM298,U275,Drink water,2024-01-04T02:15:00
REM299,U297,Call teammate,2024-01-04T02:30:00
REM300,U37,Exam reminder,2024-01-04T02:45:00
REM301,U73,Check emails,2024-01-04T03:00:00
REM302,U10,Check emails,2024-01-04T03:15:00
REM303,U24,Call teammate,2024-01-04T03:30:00
REM304,U67,Exam reminder,2024-01-04T03:45:00
REM305,U89,Exam reminder,2024-01-04T04:00:00
REM306,U158,Meeting alert,2024-01-04T04:15:00
REM307,U234,Drink water,2024-01-04T04:30:00
REM308,U33,Meeting alert,2024-01-04T04:45:00
REM309,U59,Check emails,2024-01-04T05:00:00
REM310,U113,Meeting alert,2024-01-04T05:15:00
REM311,U104,Pay bill,2024-01-04T05:30:00
REM312,U173,Pay bill,2024-01-04T05:45:00
REM313,U167,Meeting alert,2024-01-04T06:00:00
REM314,U295,Drink water,2024-01-04T06:15:00
REM315,U165,Call teammate,2024-01-04T06:30:00
REM316,U24,Drink water,2024-01-04T06:45:00
REM317,U172,Meeting alert,2024-01-04T07:00:00
REM318,U62,Submit report,2024-01-04T07:15:00
REM319,U73,Pay bill,2024-01-04T07:30:00
REM320,U87,Practice coding,2024-01-04T07:45:00
REM321,U284,Drink water,2024-01-04T08:00:00
REM322,U225,Call teammate,2024-01-04T08:15:00
REM323,U298,Exam reminder,2024-01-04T08:30:00
REM324,U69,Meeting alert,2024-01-04T08:45:00
REM325,U193,Drink water,2024-01-04T09:00:00
REM326,U9,Check emails,2024-01-04T09:15:00
REM327,U42,Exam reminder,2024-01-04T09:30:00
REM328,U4,Drink water,2024-01-04T09:45:00
REM329,U46,Submit report,2024-01-04T10:00:00
REM330,U214,Check emails,2024-01-04T10:15:00
REM331,U65,Call teammate,2024-01-04T10:30:00
REM332,U74,Submit report,2024-01-04T10:45:00
REM333,U268,Check emails,2024-01-04T11:00:00
REM334,U211,Call teammate,2024-01-04T11:15:00
REM335,U90,Exam reminder,2024-01-04T11:30:00
REM336,U93,Check emails,2024-01-04T11:45:00
REM337,U46,Submit report,2024-01-04T12:00:00
REM338,U179,Pay bill,2024-01-04T12:15:00
REM339,U3,Call teammate,2024-01-04T12:30:00
REM340,U99,Meeting alert,2024-01-04T12:45:00
REM341,U272,Meeting alert,2024-01-04T13:00:00
REM342,U186,Call teammate,2024-01-04T13:15:00
REM343,U238,Call teammate,2024-01-04T13:30:00
REM344,U142,Exam reminder,2024-01-04T13:45:00
REM345,U100,Meeting alert,2024-01-04T14:00:00
REM346,U77,Check emails,2024-01-04T14:15:00
REM347,U255,Drink water,2024-01-04T14:30:00
REM348,U82,Exam reminder,2024-01-04T14:45:00
REM349,U28,Practice coding,2024-01-04T15:00:00
REM350,U146,Call teammate,2024-01-04T15:15:00
REM351,U223,Submit report,2024-01-04T15:30:00
REM352,U172,Check emails,2024-01-04T15:45:00
REM353,U23,Meeting alert,2024-01-04T16:00:00
REM354,U27,Drink water,2024-01-04T16:15:00
REM355,U81,Exam reminder,2024-01-04T16:30:00
REM356,U249,Meeting alert,2024-01-04T16:45:00
REM357,U37,Call teammate,2024-01-04T17:00:00
REM358,U228,Practice coding,2024-01-04T17:15:00
REM359,U215,Call teammate,2024-01-04T17:30:00
REM360,U167,Call teammate,2024-01-04T17:45:00
REM361,U57,Practice coding,2024-01-04T18:00:00
REM362,U117,Meeting alert,2024-01-04T18:15:00
REM363,U122,Pay bill,2024-01-04T18:30:00
REM364,U103,Pay bill,2024-01-04T18:45:00
REM365,U113,Meeting alert,2024-01-04T19:00:00
REM366,U242,Check emails,2024-01-04T19:15:00
REM367,U28,Pay bill,2024-01-04T19:30:00
REM368,U75,Call teammate,2024-01-04T19:45:00
REM369,U233,Drink water,2024-01-04T20:00:00
REM370,U199,Practice coding,2024-01-04T20:15:00
REM371,U70,Check emails,2024-01-04T20:30:00
REM372,U100,Practice coding,2024-01-04T20:45:00
REM373,U139,Call teammate,2024-01-04T21:00:00
REM374,U172,Drink water,2024-01-04T21:15:00
REM375,U17,Exam reminder,2024-01-04T21:30:00
REM376,U144,Drink water,2024-01-04T21:45:00
REM377,U57,Check emails,2024-01-04T22:00:00
REM378,U235,Pay bill,2024-01-04T22:15:00
REM379,U88,Practice coding,2024-01-04T22:30:00
REM380,U113,Submit report,2024-01-04T22:45:00
REM381,U81,Drink water,2024-01-04T23:00:00
REM382,U296,Call teammate,2024-01-04T23:15:00
REM383,U45,Pay bill,2024-01-04T23:30:00
REM384,U268,Check emails,2024-01-04T23:45:00
REM385,U111,Check emails,2024-01-05T00:00:00
REM386,U237,Submit report,2024-01-05T00:15:00
REM387,U8,Pay bill,2024-01-05T00:30:00
REM388,U127,Call teammate,2024-01-05T00:45:00
REM389,U168,Pay bill,2024-01-05T01:00:00
REM390,U297,Call teammate,2024-01-05T01:15:00
REM391,U77,Exam reminder,2024-01-05T01:30:00
REM392,U214,Exam reminder,2024-01-05T01:45:00
REM393,U21,Check emails,2024-01-05T02:00:00
REM394,U259,Exam reminder,2024-01-05T02:15:00
REM395,U218,Pay bill,2024-01-05T02:30:00
REM396,U246,Meeting alert,2024-01-05T02:45:00
REM397,U232,Check emails,2024-01-05T03:00:00
REM398,U124,Meeting alert,2024-01-05T03:15:00
REM399,U286,Exam reminder,2024-01-05T03:30:00
REM400,U209,Call teammate,2024-01-05T03:45:00
REM401,U68,Practice coding,2024-01-05T04:00:00
REM402,U152,Call teammate,2024-01-05T04:15:00
REM403,U47,Exam reminder,2024-01-05T04:30:00
REM404,U246,Submit report,2024-01-05T04:45:00
REM405,U83,Check emails,2024-01-05T05:00:00
REM406,U293,Exam reminder,2024-01-05T05:15:00
REM407,U233,Check emails,2024-01-05T05:30:00
REM408,U71,Pay bill,2024-01-05T05:45:00
REM409,U95,Practice coding,2024-01-05T06:00:00
REM410,U238,Exam reminder,2024-01-05T06:15:00
REM411,U37,Pay bill,2024-01-05T06:30:00
REM412,U171,Exam reminder,2024-01-05T06:45:00
REM413,U152,Pay bill,2024-01-05T07:00:00
REM414,U139,Call teammate,2024-01-05T07:15:00
REM415,U42,Practice coding,2024-01-05T07:30:00
REM416,U29,Practice coding,2024-01-05T07:45:00
REM417,U27,Meeting alert,2024-01-05T08:00:00
REM418,U197,Practice coding,2024-01-05T08:15:00
REM419,U239,Exam reminder,2024-01-05T08:30:00
REM420,U188,Practice coding,2024-01-05T08:45:00
REM421,U90,Meeting alert,2024-01-05T09:00:00
REM422,U288,Call teammate,2024-01-05T09:15:00
REM423,U71,Practice coding,2024-01-05T09:30:00
REM424,U123,Meeting alert,2024-01-05T09:45:00
REM425,U245,Call teammate,2024-01-05T10:00:00
REM426,U116,Practice coding,2024-01-05T10:15:00
REM427,U181,Submit report,2024-01-05T10:30:00
REM428,U258,Pay bill,2024-01-05T10:45:00
REM429,U142,Exam reminder,2024-01-05T11:00:00
REM430,U33,Practice coding,2024-01-05T11:15:00
REM431,U177,Check emails,2024-01-05T11:30:00
REM432,U249,Meeting alert,2024-01-05T11:45:00
REM433,U241,Submit report,2024-01-05T12:00:00
REM434,U232,Practice coding,2024-01-05T12:15:00
REM435,U34,Call teammate,2024-01-05T12:30:00
REM436,U235,Meeting alert,2024-01-05T12:45:00
REM437,U42,Pay bill,2024-01-05T13:00:00
REM438,U92,Submit report,2024-01-05T13:15:00
REM439,U40,Meeting alert,2024-01-05T13:30:00
REM440,U85,Submit report,2024-01-05T13:45:00
REM441,U58,Drink water,2024-01-05T14:00:00
REM442,U255,Drink water,2024-01-05T14:15:00
REM443,U105,Exam reminder,2024-01-05T14:30:00
REM444,U151,Pay bill,2024-01-05T14:45:00
REM445,U278,Drink water,2024-01-05T15:00:00
REM446,U243,Practice coding,2024-01-05T15:15:00
REM447,U216,Check emails,2024-01-05T15:30:00
REM448,U11,Submit report,2024-01-05T15:45:00
REM449,U97,Meeting alert,2024-01-05T16:00:00
REM450,U12,Call teammate,2024-01-05T16:15:00
REM451,U267,Practice coding,2024-01-05T16:30:00
REM452,U211,Practice coding,2024-01-05T16:45:00
REM453,U168,Check emails,2024-01-05T17:00:00
REM454,U272,Check emails,2024-01-05T17:15:00
REM455,U235,Submit report,2024-01-05T17:30:00
REM456,U291,Drink water,2024-01-05T17:45:00
REM457,U157,Drink water,2024-01-05T18:00:00
REM458,U134,Call teammate,2024-01-05T18:15:00
REM459,U248,Practice coding,2024-01-05T18:30:00
REM460,U148,Exam reminder,2024-01-05T18:45:00
REM461,U76,Practice coding,2024-01-05T19:00:00
REM462,U146,Check emails,2024-01-05T19:15:00
REM463,U86,Drink water,2024-01-05T19:30:00
REM464,U275,Submit report,2024-01-05T19:45:00
REM465,U94,Drink water,2024-01-05T20:00:00
REM466,U79,Drink water,2024-01-05T20:15:00
REM467,U122,Meeting alert,2024-01-05T20:30:00
REM468,U22,Practice coding,2024-01-05T20:45:00
REM469,U295,Drink water,2024-01-05T21:00:00
REM470,U226,Submit report,2024-01-05T21:15:00
REM471,U190,Drink water,2024-01-05T21:30:00
REM472,U106,Exam reminder,2024-01-05T21:45:00
REM473,U163,Practice coding,2024-01-05T22:00:00
REM474,U76,Practice coding,2024-01-05T22:15:00
REM475,U230,Drink water,2024-01-05T22:30:00
REM476,U274,Submit report,2024-01-05T22:45:00
REM477,U63,Exam reminder,2024-01-05T23:00:00
REM478,U208,Check emails,2024-01-05T23:15:00
REM479,U75,Check emails,2024-01-05T23:30:00
REM480,U164,Drink water,2024-01-05T23:45:00
REM481,U3,Practice coding,2024-01-06T00:00:00
REM482,U152,Check emails,2024-01-06T00:15:00
REM483,U149,Drink water,2024-01-06T00:30:00
REM484,U290,Check emails,2024-01-06T00:45:00
REM485,U174,Meeting alert,2024-01-06T01:00:00
REM486,U246,Exam reminder,2024-01-06T01:15:00
REM487,U72,Meeting alert,2024-01-06T01:30:00
REM488,U158,Exam reminder,2024-01-06T01:45:00
REM489,U206,Call teammate,2024-01-06T02:00:00
REM490,U229,Practice coding,2024-01-06T02:15:00
REM491,U48,Practice coding,2024-01-06T02:30:00
REM492,U29,Call teammate,2024-01-06T02:45:00
REM493,U299,Call teammate,2024-01-06T03:00:00
REM494,U143,Call teammate,2024-01-06T03:15:00
REM495,U12,Meeting alert,2024-01-06T03:30:00
REM496,U276,Check emails,2024-01-06T03:45:00
REM497,U45,Pay bill,2024-01-06T04:00:00
REM498,U100,Check emails,2024-01-06T04:15:00
REM499,U163,Exam reminder,2024-01-06T04:30:00
REM500,U185,Pay bill,2024-01-06T04:45:00
REM501,U76,Pay bill,2024-01-06T05:00:00
REM502,U190,Pay bill,2024-01-06T05:15:00
REM503,U191,Exam reminder,2024-01-06T05:30:00
REM504,U146,Practice coding,2024-01-06T05:45:00
REM505,U180,Submit report,2024-01-06T06:00:00
REM506,U229,Meeting alert,2024-01-06T06:15:00
REM507,U111,Check emails,2024-01-06T06:30:00
REM508,U213,Check emails,2024-01-06T06:45:00
REM509,U148,Drink water,2024-01-06T07:00:00
REM510,U218,Pay bill,2024-01-06T07:15:00
REM511,U72,Meeting alert,2024-01-06T07:30:00
REM512,U74,Call teammate,2024-01-06T07:45:00
REM513,U156,Check emails,2024-01-06T08:00:00
REM514,U269,Practice coding,2024-01-06T08:15:00
REM515,U34,Pay bill,2024-01-06T08:30:00
REM516,U46,Exam reminder,2024-01-06T08:45:00
REM517,U210,Submit report,2024-01-06T09:00:00
REM518,U213,Drink water,2024-01-06T09:15:00
REM519,U285,Check emails,2024-01-06T09:30:00
REM520,U291,Drink water,2024-01-06T09:45:00
REM521,U103,Drink water,2024-01-06T10:00:00
REM522,U196,Submit report,2024-01-06T10:15:00
REM523,U284,Check emails,2024-01-06T10:30:00
REM524,U22,Submit report,2024-01-06T10:45:00
REM525,U300,Submit report,2024-01-06T11:00:00
REM526,U253,Check emails,2024-01-06T11:15:00
REM527,U115,Exam reminder,2024-01-06T11:30:00
REM528,U2,Drink water,2024-01-06T11:45:00
REM529,U135,Submit report,2024-01-06T12:00:00
REM530,U242,Meeting alert,2024-01-06T12:15:00
REM531,U148,Pay bill,2024-01-06T12:30:00
REM532,U92,Check emails,2024-01-06T12:45:00
REM533,U126,Exam reminder,2024-01-06T13:00:00
REM534,U62,Submit report,2024-01-06T13:15:00
REM535,U253,Meeting alert,2024-01-06T13:30:00
REM536,U186,Check emails,2024-01-06T13:45:00
REM537,U290,Pay bill,2024-01-06T14:00:00
REM538,U133,Check emails,2024-01-06T14:15:00
REM539,U62,Practice coding,2024-01-06T14:30:00
REM540,U263,Exam reminder,2024-01-06T14:45:00
REM541,U133,Drink water,2024-01-06T15:00:00
REM542,U298,Exam reminder,2024-01-06T15:15:00
REM543,U75,Practice coding,2024-01-06T15:30:00
REM544,U237,Drink water,2024-01-06T15:45:00
REM545,U183,Drink water,2024-01-06T16:00:00
REM546,U28,Submit report,2024-01-06T16:15:00
REM547,U185,Pay bill,2024-01-06T16:30:00
REM548,U183,Exam reminder,2024-01-06T16:45:00
REM549,U149,Submit report,2024-01-06T17:00:00
REM550,U272,Meeting alert,2024-01-06T17:15:00
REM551,U264,Call teammate,2024-01-06T17:30:00
REM552,U94,Meeting alert,2024-01-06T17:45:00
REM553,U86,Practice coding,2024-01-06T18:00:00
REM554,U162,Submit report,2024-01-06T18:15:00
REM555,U139,Practice coding,2024-01-06T18:30:00
REM556,U50,Practice coding,2024-01-06T18:45:00
REM557,U74,Exam reminder,2024-01-06T19:00:00
REM558,U71,Submit report,2024-01-06T19:15:00
REM559,U191,Check emails,2024-01-06T19:30:00
REM560,U211,Practice coding,2024-01-06T19:45:00
REM561,U84,Meeting alert,2024-01-06T20:00:00
REM562,U112,Drink water,2024-01-06T20:15:00
REM563,U258,Call teammate,2024-01-06T20:30:00
REM564,U97,Meeting alert,2024-01-06T20:45:00
REM565,U214,Check emails,2024-01-06T21:00:00
REM566,U40,Meeting alert,2024-01-06T21:15:00
REM567,U68,Exam reminder,2024-01-06T21:30:00
REM568,U246,Practice coding,2024-01-06T21:45:00
REM569,U160,Practice coding,2024-01-06T22:00:00
REM570,U72,Check emails,2024-01-06T22:15:00
REM571,U268,Practice coding,2024-01-06T22:30:00
REM572,U89,Submit report,2024-01-06T22:45:00
REM573,U15,Meeting alert,2024-01-06T23:00:00
REM574,U114,Drink water,2024-01-06T23:15:00
REM575,U73,Call teammate,2024-01-06T23:30:00
REM576,U158,Drink water,2024-01-06T23:45:00
REM577,U108,Drink water,2024-01-07T00:00:00
REM578,U41,Pay bill,2024-01-07T00:15:00
REM579,U58,Meeting alert,2024-01-07T00:30:00
REM580,U10,Check emails,2024-01-07T00:45:00
REM581,U221,Exam reminder,2024-01-07T01:00:00
REM582,U101,Meeting alert,2024-01-07T01:15:00
REM583,U17,Exam reminder,2024-01-07T01:30:00
REM584,U241,Meeting alert,2024-01-07T01:45:00
REM585,U130,Exam reminder,2024-01-07T02:00:00
REM586,U34,Submit report,2024-01-07T02:15:00
REM587,U6,Meeting alert,2024-01-07T02:30:00
REM588,U64,Call teammate,2024-01-07T02:45:00
REM589,U103,Drink water,2024-01-07T03:00:00
REM590,U180,Exam reminder,2024-01-07T03:15:00
REM591,U47,Drink water,2024-01-07T03:30:00
REM592,U143,Practice coding,2024-01-07T03:45:00
REM593,U181,Drink water,2024-01-07T04:00:00
REM594,U257,Call teammate,2024-01-07T04:15:00
REM595,U259,Meeting alert,2024-01-07T04:30:00
REM596,U51,Exam reminder,2024-01-07T04:45:00
REM597,U271,Call teammate,2024-01-07T05:00:00
REM598,U99,Submit report,2024-01-07T05:15:00
REM599,U88,Exam reminder,2024-01-07T05:30:00
REM600,U51,Call teammate,2024-01-07T05:45:00
REM601,U259,Check emails,2024-01-07T06:00:00
REM602,U188,Drink water,2024-01-07T06:15:00
REM603,U226,Meeting alert,2024-01-07T06:30:00
REM604,U93,Practice coding,2024-01-07T06:45:00
REM605,U195,Pay bill,2024-01-07T07:00:00
REM606,U110,Call teammate,2024-01-07T07:15:00
REM607,U209,Meeting alert,2024-01-07T07:30:00
REM608,U161,Meeting alert,2024-01-07T07:45:00
REM609,U239,Meeting alert,2024-01-07T08:00:00
REM610,U267,Drink water,2024-01-07T08:15:00
REM611,U254,Practice coding,2024-01-07T08:30:00
REM612,U148,Exam reminder,2024-01-07T08:45:00
REM613,U43,Practice coding,2024-01-07T09:00:00
REM614,U253,Meeting alert,2024-01-07T09:15:00
REM615,U198,Submit report,2024-01-07T09:30:00
REM616,U234,Submit report,2024-01-07T09:45:00
REM617,U228,Call teammate,2024-01-07T10:00:00
REM618,U284,Pay bill,2024-01-07T10:15:00
REM619,U149,Pay bill,2024-01-07T10:30:00
REM620,U97,Meeting alert,2024-01-07T10:45:00
REM621,U244,Practice coding,2024-01-07T11:00:00
REM622,U92,Exam reminder,2024-01-07T11:15:00
REM623,U252,Meeting alert,2024-01-07T11:30:00
REM624,U203,Check emails,2024-01-07T11:45:00
REM625,U268,Meeting alert,2024-01-07T12:00:00
REM626,U62,Drink water,2024-01-07T12:15:00
REM627,U203,Pay bill,2024-01-07T12:30:00
REM628,U53,Drink water,2024-01-07T12:45:00
REM629,U34,Practice coding,2024-01-07T13:00:00
REM630,U102,Practice coding,2024-01-07T13:15:00
REM631,U103,Pay bill,2024-01-07T13:30:00
REM632,U63,Call teammate,2024-01-07T13:45:00
REM633,U218,Check emails,2024-01-07T14:00:00
REM634,U143,Submit report,2024-01-07T14:15:00
REM635,U205,Practice coding,2024-01-07T14:30:00
REM636,U244,Pay bill,2024-01-07T14:45:00
REM637,U249,Submit report,2024-01-07T15:00:00
REM638,U76,Check emails,2024-01-07T15:15:00
REM639,U56,Meeting alert,2024-01-07T15:30:00
REM640,U129,Check emails,2024-01-07T15:45:00
REM641,U255,Call teammate,2024-01-07T16:00:00
REM642,U69,Exam reminder,2024-01-07T16:15:00
REM643,U51,Exam reminder,2024-01-07T16:30:00
REM644,U35,Check emails,2024-01-07T16:45:00
REM645,U14,Drink water,2024-01-07T17:00:00
REM646,U196,Practice coding,2024-01-07T17:15:00
REM647,U79,Submit report,2024-01-07T17:30:00
REM648,U50,Meeting alert,2024-01-07T17:45:00
REM649,U267,Check emails,2024-01-07T18:00:00
REM650,U239,Call teammate,2024-01-07T18:15:00
REM651,U151,Check emails,2024-01-07T18:30:00
REM652,U252,Submit report,2024-01-07T18:45:00
REM653,U278,Practice coding,2024-01-07T19:00:00
REM654,U277,Exam reminder,2024-01-07T19:15:00
REM655,U17,Pay bill,2024-01-07T19:30:00
REM656,U61,Pay bill,2024-01-07T19:45:00
REM657,U231,Practice coding,2024-01-07T20:00:00
REM658,U193,Check emails,2024-01-07T20:15:00
REM659,U236,Exam reminder,2024-01-07T20:30:00
REM660,U17,Drink water,2024-01-07T20:45:00
REM661,U286,Submit report,2024-01-07T21:00:00
REM662,U85,Check emails,2024-01-07T21:15:00
REM663,U221,Drink water,2024-01-07T21:30:00
REM664,U160,Pay bill,2024-01-07T21:45:00
REM665,U250,Meeting alert,2024-01-07T22:00:00
REM666,U292,Check emails,2024-01-07T22:15:00
REM667,U284,Check emails,2024-01-07T22:30:00
REM668,U244,Drink water,2024-01-07T22:45:00
REM669,U260,Exam reminder,2024-01-07T23:00:00
REM670,U201,Submit report,2024-01-07T23:15:00
REM671,U254,Pay bill,2024-01-07T23:30:00
REM672,U181,Submit report,2024-01-07T23:45:00
REM673,U165,Exam reminder,2024-01-08T00:00:00
REM674,U15,Exam reminder,2024-01-08T00:15:00
REM675,U66,Practice coding,2024-01-08T00:30:00
REM676,U179,Exam reminder,2024-01-08T00:45:00
REM677,U175,Pay bill,2024-01-08T01:00:00
REM678,U50,Pay bill,2024-01-08T01:15:00
REM679,U177,Practice coding,2024-01-08T01:30:00
REM680,U211,Practice coding,2024-01-08T01:45:00
REM681,U29,Call teammate,2024-01-08T02:00:00
REM682,U127,Call teammate,2024-01-08T02:15:00
REM683,U160,Meeting alert,2024-01-08T02:30:00
REM684,U34,Submit report,2024-01-08T02:45:00
REM685,U59,Practice coding,2024-01-08T03:00:00
REM686,U87,Exam reminder,2024-01-08T03:15:00
REM687,U276,Practice coding,2024-01-08T03:30:00
REM688,U20,Check emails,2024-01-08T03:45:00
REM689,U217,Pay bill,2024-01-08T04:00:00
REM690,U137,Exam reminder,2024-01-08T04:15:00
REM691,U241,Exam reminder,2024-01-08T04:30:00
REM692,U163,Pay bill,2024-01-08T04:45:00
REM693,U293,Pay bill,2024-01-08T05:00:00
REM694,U166,Meeting alert,2024-01-08T05:15:00
REM695,U251,Meeting alert,2024-01-08T05:30:00
REM696,U106,Practice coding,2024-01-08T05:45:00
REM697,U255,Practice coding,2024-01-08T06:00:00
REM698,U86,Submit report,2024-01-08T06:15:00
REM699,U187,Pay bill,2024-01-08T06:30:00
REM700,U104,Check emails,2024-01-08T06:45:00
REM701,U39,Call teammate,2024-01-08T07:00:00
REM702,U148,Submit report,2024-01-08T07:15:00
REM703,U25,Submit report,2024-01-08T07:30:00
REM704,U294,Pay bill,2024-01-08T07:45:00
REM705,U116,Meeting alert,2024-01-08T08:00:00
REM706,U297,Meeting alert,2024-01-08T08:15:00
REM707,U173,Submit report,2024-01-08T08:30:00
REM708,U35,Check emails,2024-01-08T08:45:00
REM709,U219,Call teammate,2024-01-08T09:00:00
REM710,U178,Meeting alert,2024-01-08T09:15:00
REM711,U155,Submit report,2024-01-08T09:30:00
REM712,U222,Practice coding,2024-01-08T09:45:00
REM713,U103,Pay bill,2024-01-08T10:00:00
REM714,U206,Submit report,2024-01-08T10:15:00
REM715,U264,Check emails,2024-01-08T10:30:00
REM716,U281,Drink water,2024-01-08T10:45:00
REM717,U10,Drink water,2024-01-08T11:00:00
REM718,U296,Check emails,2024-01-08T11:15:00
REM719,U110,Check emails,2024-01-08T11:30:00
REM720,U138,Pay bill,2024-01-08T11:45:00
REM721,U290,Exam reminder,2024-01-08T12:00:00
REM722,U268,Call teammate,2024-01-08T12:15:00
REM723,U187,Check emails,2024-01-08T12:30:00
REM724,U76,Call teammate,2024-01-08T12:45:00
REM725,U78,Submit report,2024-01-08T13:00:00
REM726,U223,Pay bill,2024-01-08T13:15:00
REM727,U164,Meeting alert,2024-01-08T13:30:00
REM728,U105,Pay bill,2024-01-08T13:45:00
REM729,U137,Submit report,2024-01-08T14:00:00
REM730,U83,Submit report,2024-01-08T14:15:00
REM731,U121,Pay bill,2024-01-08T14:30:00
REM732,U123,Meeting alert,2024-01-08T14:45:00
REM733,U77,Call teammate,2024-01-08T15:00:00
REM734,U15,Call teammate,2024-01-08T15:15:00
REM735,U159,Check emails,2024-01-08T15:30:00
REM736,U249,Pay bill,2024-01-08T15:45:00
REM737,U217,Exam reminder,2024-01-08T16:00:00
REM738,U104,Drink water,2024-01-08T16:15:00
REM739,U140,Drink water,2024-01-08T16:30:00
REM740,U15,Submit report,2024-01-08T16:45:00
REM741,U143,Drink water,2024-01-08T17:00:00
REM742,U22,Check emails,2024-01-08T17:15:00
REM743,U11,Exam reminder,2024-01-08T17:30:00
REM744,U43,Practice coding,2024-01-08T17:45:00
REM745,U153,Meeting alert,2024-01-08T18:00:00
REM746,U209,Practice coding,2024-01-08T18:15:00
REM747,U47,Pay bill,2024-01-08T18:30:00
REM748,U72,Call teammate,2024-01-08T18:45:00
REM749,U58,Meeting alert,2024-01-08T19:00:00
REM750,U268,Submit report,2024-01-08T19:15:00
REM751,U255,Meeting alert,2024-01-08T19:30:00
REM752,U122,Meeting alert,2024-01-08T19:45:00
REM753,U161,Practice coding,2024-01-08T20:00:00
REM754,U300,Pay bill,2024-01-08T20:15:00
REM755,U121,Pay bill,2024-01-08T20:30:00
REM756,U112,Drink water,2024-01-08T20:45:00
REM757,U55,Drink water,2024-01-08T21:00:00
REM758,U110,Submit report,2024-01-08T21:15:00
REM759,U226,Pay bill,2024-01-08T21:30:00
REM760,U131,Exam reminder,2024-01-08T21:45:00
REM761,U252,Practice coding,2024-01-08T22:00:00
REM762,U58,Practice coding,2024-01-08T22:15:00
REM763,U280,Pay bill,2024-01-08T22:30:00
REM764,U244,Call teammate,2024-01-08T22:45:00
REM765,U143,Drink water,2024-01-08T23:00:00
REM766,U186,Check emails,2024-01-08T23:15:00
REM767,U189,Submit report,2024-01-08T23:30:00
REM768,U11,Exam reminder,2024-01-08T23:45:00
REM769,U28,Call teammate,2024-01-09T00:00:00
REM770,U130,Pay bill,2024-01-09T00:15:00
REM771,U159,Practice coding,2024-01-09T00:30:00
REM772,U63,Call teammate,2024-01-09T00:45:00
REM773,U227,Pay bill,2024-01-09T01:00:00
REM774,U5,Pay bill,2024-01-09T01:15:00
REM775,U131,Submit report,2024-01-09T01:30:00
REM776,U47,Call teammate,2024-01-09T01:45:00
REM777,U153,Call teammate,2024-01-09T02:00:00
REM778,U83,Check emails,2024-01-09T02:15:00
REM779,U163,Pay bill,2024-01-09T02:30:00
REM780,U18,Submit report,2024-01-09T02:45:00
REM781,U42,Check emails,2024-01-09T03:00:00
REM782,U242,Pay bill,2024-01-09T03:15:00
REM783,U171,Pay bill,2024-01-09T03:30:00
REM784,U52,Drink water,2024-01-09T03:45:00
REM785,U134,Meeting alert,2024-01-09T04:00:00
REM786,U181,Pay bill,2024-01-09T04:15:00
REM787,U281,Practice coding,2024-01-09T04:30:00
REM788,U233,Exam reminder,2024-01-09T04:45:00
REM789,U27,Drink water,2024-01-09T05:00:00
REM790,U228,Drink water,2024-01-09T05:15:00
REM791,U2,Pay bill,2024-01-09T05:30:00
REM792,U103,Submit report,2024-01-09T05:45:00
REM793,U161,Meeting alert,2024-01-09T06:00:00
REM794,U57,Drink water,2024-01-09T06:15:00
REM795,U128,Drink water,2024-01-09T06:30:00
REM796,U211,Practice coding,2024-01-09T06:45:00
REM797,U232,Check emails,2024-01-09T07:00:00
REM798,U69,Submit report,2024-01-09T07:15:00
REM799,U89,Practice coding,2024-01-09T07:30:00
REM800,U145,Call teammate,2024-01-09T07:45:00
REM801,U44,Pay bill,2024-01-09T08:00:00
REM802,U189,Drink water,2024-01-09T08:15:00
REM803,U202,Pay bill,2024-01-09T08:30:00
REM804,U293,Call teammate,2024-01-09T08:45:00
REM805,U11,Exam reminder,2024-01-09T09:00:00
REM806,U286,Call teammate,2024-01-09T09:15:00
REM807,U46,Check emails,2024-01-09T09:30:00
REM808,U102,Submit report,2024-01-09T09:45:00
REM809,U87,Exam reminder,2024-01-09T10:00:00
REM810,U206,Pay bill,2024-01-09T10:15:00
REM811,U134,Drink water,2024-01-09T10:30:00
REM812,U46,Practice coding,2024-01-09T10:45:00
REM813,U88,Meeting alert,2024-01-09T11:00:00
REM814,U8,Pay bill,2024-01-09T11:15:00
REM815,U233,Check emails,2024-01-09T11:30:00
REM816,U61,Call teammate,2024-01-09T11:45:00
REM817,U105,Call teammate,2024-01-09T12:00:00
REM818,U137,Submit report,2024-01-09T12:15:00
REM819,U254,Pay bill,2024-01-09T12:30:00
REM820,U67,Pay bill,2024-01-09T12:45:00
REM821,U106,Call teammate,2024-01-09T13:00:00
REM822,U145,Call teammate,2024-01-09T13:15:00
REM823,U215,Drink water,2024-01-09T13:30:00
REM824,U210,Drink water,2024-01-09T13:45:00
REM825,U15,Submit report,2024-01-09T14:00:00
REM826,U135,Call teammate,2024-01-09T14:15:00
REM827,U231,Call teammate,2024-01-09T14:30:00
REM828,U190,Check emails,2024-01-09T14:45:00
REM829,U44,Exam reminder,2024-01-09T15:00:00
REM830,U241,Drink water,2024-01-09T15:15:00
REM831,U166,Pay bill,2024-01-09T15:30:00
REM832,U109,Pay bill,2024-01-09T15:45:00
REM833,U217,Submit report,2024-01-09T16:00:00
REM834,U38,Meeting alert,2024-01-09T16:15:00
REM835,U286,Exam reminder,2024-01-09T16:30:00
REM836,U27,Practice coding,2024-01-09T16:45:00
REM837,U121,Check emails,2024-01-09T17:00:00
REM838,U182,Exam reminder,2024-01-09T17:15:00
REM839,U3,Submit report,2024-01-09T17:30:00
REM840,U259,Pay bill,2024-01-09T17:45:00
REM841,U155,Pay bill,2024-01-09T18:00:00
REM842,U190,Drink water,2024-01-09T18:15:00
REM843,U287,Exam reminder,2024-01-09T18:30:00
REM844,U298,Drink water,2024-01-09T18:45:00
REM845,U134,Drink water,2024-01-09T19:00:00
REM846,U258,Check emails,2024-01-09T19:15:00
REM847,U174,Check emails,2024-01-09T19:30:00
REM848,U68,Meeting alert,2024-01-09T19:45:00
REM849,U163,Pay bill,2024-01-09T20:00:00
REM850,U73,Submit report,2024-01-09T20:15:00
REM851,U60,Practice coding,2024-01-09T20:30:00
REM852,U23,Drink water,2024-01-09T20:45:00
REM853,U256,Submit report,2024-01-09T21:00:00
REM854,U185,Pay bill,2024-01-09T21:15:00
REM855,U145,Submit report,2024-01-09T21:30:00
REM856,U136,Practice coding,2024-01-09T21:45:00
REM857,U224,Drink water,2024-01-09T22:00:00
REM858,U162,Check emails,2024-01-09T22:15:00
REM859,U78,Check emails,2024-01-09T22:30:00
REM860,U28,Call teammate,2024-01-09T22:45:00
REM861,U77,Exam reminder,2024-01-09T23:00:00
REM862,U118,Drink water,2024-01-09T23:15:00
REM863,U19,Check emails,2024-01-09T23:30:00
REM864,U134,Drink water,2024-01-09T23:45:00
REM865,U240,Pay bill,2024-01-10T00:00:00
REM866,U60,Check emails,2024-01-10T00:15:00
REM867,U21,Check emails,2024-01-10T00:30:00
REM868,U183,Check emails,2024-01-10T00:45:00
REM869,U235,Check emails,2024-01-10T01:00:00
REM870,U58,Drink water,2024-01-10T01:15:00
REM871,U64,Practice coding,2024-01-10T01:30:00
REM872,U48,Call teammate,2024-01-10T01:45:00
REM873,U146,Drink water,2024-01-10T02:00:00
REM874,U87,Submit report,2024-01-10T02:15:00
REM875,U289,Call teammate,2024-01-10T02:30:00
REM876,U299,Exam reminder,2024-01-10T02:45:00
REM877,U270,Drink water,2024-01-10T03:00:00
REM878,U214,Meeting alert,2024-01-10T03:15:00
REM879,U127,Check emails,2024-01-10T03:30:00
REM880,U49,Practice coding,2024-01-10T03:45:00
REM881,U14,Submit report,2024-01-10T04:00:00
REM882,U63,Pay bill,2024-01-10T04:15:00
REM883,U192,Meeting alert,2024-01-10T04:30:00
REM884,U166,Drink water,2024-01-10T04:45:00
REM885,U15,Meeting alert,2024-01-10T05:00:00
REM886,U236,Check emails,2024-01-10T05:15:00
REM887,U233,Submit report,2024-01-10T05:30:00
REM888,U3,Practice coding,2024-01-10T05:45:00
REM889,U23,Check emails,2024-01-10T06:00:00
REM890,U167,Drink water,2024-01-10T06:15:00
REM891,U109,Exam reminder,2024-01-10T06:30:00
REM892,U145,Practice coding,2024-01-10T06:45:00
REM893,U29,Meeting alert,2024-01-10T07:00:00
REM894,U281,Pay bill,2024-01-10T07:15:00
REM895,U48,Pay bill,2024-01-10T07:30:00
REM896,U131,Drink water,2024-01-10T07:45:00
REM897,U123,Pay bill,2024-01-10T08:00:00
REM898,U46,Exam reminder,2024-01-10T08:15:00
REM899,U107,Drink water,2024-01-10T08:30:00
REM900,U199,Pay bill,2024-01-10T08:45:00
REM901,U146,Drink water,2024-01-10T09:00:00
REM902,U62,Submit report,2024-01-10T09:15:00
REM903,U252,Pay bill,2024-01-10T09:30:00
REM904,U159,Drink water,2024-01-10T09:45:00
REM905,U184,Meeting alert,2024-01-10T10:00:00
REM906,U189,Call teammate,2024-01-10T10:15:00
REM907,U251,Check emails,2024-01-10T10:30:00
REM908,U199,Check emails,2024-01-10T10:45:00
REM909,U138,Pay bill,2024-01-10T11:00:00
REM910,U47,Pay bill,2024-01-10T11:15:00
REM911,U189,Drink water,2024-01-10T11:30:00
REM912,U223,Pay bill,2024-01-10T11:45:00
REM913,U48,Exam reminder,2024-01-10T12:00:00
REM914,U263,Practice coding,2024-01-10T12:15:00
REM915,U238,Call teammate,2024-01-10T12:30:00
REM916,U80,Check emails,2024-01-10T12:45:00
REM917,U270,Meeting alert,2024-01-10T13:00:00
REM918,U149,Check emails,2024-01-10T13:15:00
REM919,U224,Meeting alert,2024-01-10T13:30:00
REM920,U245,Submit report,2024-01-10T13:45:00
REM921,U77,Drink water,2024-01-10T14:00:00
REM922,U154,Call teammate,2024-01-10T14:15:00
REM923,U268,Pay bill,2024-01-10T14:30:00
REM924,U152,Exam reminder,2024-01-10T14:45:00
REM925,U283,Meeting alert,2024-01-10T15:00:00
REM926,U24,Meeting alert,2024-01-10T15:15:00
REM927,U262,Pay bill,2024-01-10T15:30:00
REM928,U212,Meeting alert,2024-01-10T15:45:00
REM929,U238,Submit report,2024-01-10T16:00:00
REM930,U182,Submit report,2024-01-10T16:15:00
REM931,U300,Meeting alert,2024-01-10T16:30:00
REM932,U258,Exam reminder,2024-01-10T16:45:00
REM933,U59,Check emails,2024-01-10T17:00:00
REM934,U92,Drink water,2024-01-10T17:15:00
REM935,U202,Exam reminder,2024-01-10T17:30:00
REM936,U43,Pay bill,2024-01-10T17:45:00
REM937,U153,Practice coding,2024-01-10T18:00:00
REM938,U233,Check emails,2024-01-10T18:15:00
REM939,U136,Practice coding,2024-01-10T18:30:00
REM940,U96,Call teammate,2024-01-10T18:45:00
REM941,U95,Meeting alert,2024-01-10T19:00:00
REM942,U133,Meeting alert,2024-01-10T19:15:00
REM943,U223,Exam reminder,2024-01-10T19:30:00
REM944,U3,Pay bill,2024-01-10T19:45:00
REM945,U60,Exam reminder,2024-01-10T20:00:00
REM946,U88,Check emails,2024-01-10T20:15:00
REM947,U236,Pay bill,2024-01-10T20:30:00
REM948,U250,Submit report,2024-01-10T20:45:00
REM949,U185,Pay bill,2024-01-10T21:00:00
REM950,U155,Meeting alert,2024-01-10T21:15:00
REM951,U65,Drink water,2024-01-10T21:30:00
REM952,U8,Call teammate,2024-01-10T21:45:00
REM953,U58,Exam reminder,2024-01-10T22:00:00
REM954,U97,Exam reminder,2024-01-10T22:15:00
REM955,U108,Check emails,2024-01-10T22:30:00
REM956,U75,Call teammate,2024-01-10T22:45:00
REM957,U224,Call teammate,2024-01-10T23:00:00
REM958,U45,Submit report,2024-01-10T23:15:00
REM959,U238,Drink water,2024-01-10T23:30:00
REM960,U243,Pay bill,2024-01-10T23:45:00
REM961,U12,Meeting alert,2024-01-11T00:00:00
REM962,U86,Drink water,2024-01-11T00:15:00
REM963,U228,Check emails,2024-01-11T00:30:00
REM964,U242,Exam reminder,2024-01-11T00:45:00
REM965,U231,Call teammate,2024-01-11T01:00:00
REM966,U104,Submit report,2024-01-11T01:15:00
REM967,U292,Pay bill,2024-01-11T01:30:00
REM968,U27,Practice coding,2024-01-11T01:45:00
REM969,U5,Meeting alert,2024-01-11T02:00:00
REM970,U222,Pay bill,2024-01-11T02:15:00
REM971,U254,Submit report,2024-01-11T02:30:00
REM972,U19,Check emails,2024-01-11T02:45:00
REM973,U205,Check emails,2024-01-11T03:00:00
REM974,U263,Check emails,2024-01-11T03:15:00
REM975,U119,Exam reminder,2024-01-11T03:30:00
REM976,U271,Exam reminder,2024-01-11T03:45:00
REM977,U217,Practice coding,2024-01-11T04:00:00
REM978,U284,Meeting alert,2024-01-11T04:15:00
REM979,U138,Pay bill,2024-01-11T04:30:00
REM980,U243,Meeting alert,2024-01-11T04:45:00
REM981,U254,Practice coding,2024-01-11T05:00:00
REM982,U230,Pay bill,2024-01-11T05:15:00
REM983,U11,Drink water,2024-01-11T05:30:00
REM984,U148,Call teammate,2024-01-11T05:45:00
REM985,U241,Practice coding,2024-01-11T06:00:00
REM986,U225,Call teammate,2024-01-11T06:15:00
REM987,U260,Call teammate,2024-01-11T06:30:00
REM988,U174,Check emails,2024-01-11T06:45:00
REM989,U68,Submit report,2024-01-11T07:00:00
REM990,U200,Pay bill,2024-01-11T07:15:00
REM991,U185,Check emails,2024-01-11T07:30:00
REM992,U83,Call teammate,2024-01-11T07:45:00
REM993,U145,Meeting alert,2024-01-11T08:00:00
REM994,U248,Drink water,2024-01-11T08:15:00
REM995,U89,Call teammate,2024-01-11T08:30:00
REM996,U81,Check emails,2024-01-11T08:45:00
REM997,U52,Pay bill,2024-01-11T09:00:00
REM998,U253,Submit report,2024-01-11T09:15:00
REM999,U121,Call teammate,2024-01-11T09:30:00
REM1000,U286,Exam reminder,2024-01-11T09:45:00
REM1001,U10,Practice coding,2024-01-11T10:00:00
REM1002,U134,Practice coding,2024-01-11T10:15:00
REM1003,U82,Drink water,2024-01-11T10:30:00
REM1004,U258,Exam reminder,2024-01-11T10:45:00
REM1005,U33,Practice coding,2024-01-11T11:00:00
REM1006,U221,Meeting alert,2024-01-11T11:15:00
REM1007,U117,Meeting alert,2024-01-11T11:30:00
REM1008,U288,Call teammate,2024-01-11T11:45:00
REM1009,U250,Submit report,2024-01-11T12:00:00
REM1010,U175,Practice coding,2024-01-11T12:15:00
REM1011,U24,Submit report,2024-01-11T12:30:00
REM1012,U78,Meeting alert,2024-01-11T12:45:00
REM1013,U26,Check emails,2024-01-11T13:00:00
REM1014,U235,Meeting alert,2024-01-11T13:15:00
REM1015,U55,Meeting alert,2024-01-11T13:30:00
REM1016,U288,Exam reminder,2024-01-11T13:45:00
REM1017,U260,Meeting alert,2024-01-11T14:00:00
REM1018,U86,Meeting alert,2024-01-11T14:15:00
REM1019,U106,Practice coding,2024-01-11T14:30:00
REM1020,U81,Submit report,2024-01-11T14:45:00
REM1021,U227,Check emails,2024-01-11T15:00:00
REM1022,U51,Drink water,2024-01-11T15:15:00
REM1023,U187,Practice coding,2024-01-11T15:30:00
REM1024,U71,Meeting alert,2024-01-11T15:45:00
REM1025,U104,Check emails,2024-01-11T16:00:00
REM1026,U213,Exam reminder,2024-01-11T16:15:00
REM1027,U126,Check emails,2024-01-11T16:30:00
REM1028,U175,Submit report,2024-01-11T16:45:00
REM1029,U259,Drink water,2024-01-11T17:00:00
REM1030,U44,Submit report,2024-01-11T17:15:00
REM1031,U191,Pay bill,2024-01-11T17:30:00
REM1032,U185,Call teammate,2024-01-11T17:45:00
REM1033,U78,Pay bill,2024-01-11T18:00:00
REM1034,U117,Drink water,2024-01-11T18:15:00
REM1035,U220,Pay bill,2024-01-11T18:30:00
REM1036,U210,Check emails,2024-01-11T18:45:00
REM1037,U265,Practice coding,2024-01-11T19:00:00
REM1038,U16,Check emails,2024-01-11T19:15:00
REM1039,U75,Exam reminder,2024-01-11T19:30:00
REM1040,U265,Meeting alert,2024-01-11T19:45:00
REM1041,U44,Practice coding,2024-01-11T20:00:00
REM1042,U162,Pay bill,2024-01-11T20:15:00
REM1043,U85,Pay bill,2024-01-11T20:30:00
REM1044,U32,Pay bill,2024-01-11T20:45:00
REM1045,U19,Drink water,2024-01-11T21:00:00
REM1046,U295,Exam reminder,2024-01-11T21:15:00
REM1047,U267,Submit report,2024-01-11T21:30:00
REM1048,U215,Pay bill,2024-01-11T21:45:00
REM1049,U284,Submit report,2024-01-11T22:00:00
REM1050,U161,Practice coding,2024-01-11T22:15:00
REM1051,U5,Submit report,2024-01-11T22:30:00
REM1052,U271,Drink water,2024-01-11T22:45:00
REM1053,U207,Check emails,2024-01-11T23:00:00
REM1054,U106,Check emails,2024-01-11T23:15:00
REM1055,U177,Pay bill,2024-01-11T23:30:00
REM1056,U102,Submit report,2024-01-11T23:45:00
REM1057,U44,Exam reminder,2024-01-12T00:00:00
REM1058,U276,Practice coding,2024-01-12T00:15:00
REM1059,U200,Drink water,2024-01-12T00:30:00
REM1060,U267,Submit report,2024-01-12T00:45:00
REM1061,U110,Meeting alert,2024-01-12T01:00:00
REM1062,U262,Submit report,2024-01-12T01:15:00
REM1063,U267,Practice coding,2024-01-12T01:30:00
REM1064,U82,Exam reminder,2024-01-12T01:45:00
REM1065,U15,Submit report,2024-01-12T02:00:00
REM1066,U124,Submit report,2024-01-12T02:15:00
REM1067,U217,Meeting alert,2024-01-12T02:30:00
REM1068,U31,Practice coding,2024-01-12T02:45:00
REM1069,U133,Practice coding,2024-01-12T03:00:00
REM1070,U64,Exam reminder,2024-01-12T03:15:00
REM1071,U64,Check emails,2024-01-12T03:30:00
REM1072,U153,Exam reminder,2024-01-12T03:45:00
REM1073,U233,Practice coding,2024-01-12T04:00:00
REM1074,U121,Call teammate,2024-01-12T04:15:00
REM1075,U180,Submit report,2024-01-12T04:30:00
REM1076,U146,Drink water,2024-01-12T04:45:00
REM1077,U194,Call teammate,2024-01-12T05:00:00
REM1078,U54,Practice coding,2024-01-12T05:15:00
REM1079,U265,Call teammate,2024-01-12T05:30:00
REM1080,U185,Check emails,2024-01-12T05:45:00
REM1081,U51,Drink water,2024-01-12T06:00:00
REM1082,U218,Pay bill,2024-01-12T06:15:00
REM1083,U42,Meeting alert,2024-01-12T06:30:00
REM1084,U32,Pay bill,2024-01-12T06:45:00
REM1085,U67,Check emails,2024-01-12T07:00:00
REM1086,U110,Check emails,2024-01-12T07:15:00
REM1087,U40,Practice coding,2024-01-12T07:30:00
REM1088,U270,Pay bill,2024-01-12T07:45:00
REM1089,U287,Pay bill,2024-01-12T08:00:00
REM1090,U136,Check emails,2024-01-12T08:15:00
REM1091,U217,Check emails,2024-01-12T08:30:00
REM1092,U251,Pay bill,2024-01-12T08:45:00
REM1093,U84,Drink water,2024-01-12T09:00:00
REM1094,U259,Drink water,2024-01-12T09:15:00
REM1095,U249,Check emails,2024-01-12T09:30:00
REM1096,U67,Meeting alert,2024-01-12T09:45:00
REM1097,U109,Check emails,2024-01-12T10:00:00
REM1098,U243,Exam reminder,2024-01-12T10:15:00
REM1099,U81,Practice coding,2024-01-12T10:30:00
REM1100,U61,Pay bill,2024-01-12T10:45:00
REM1101,U57,Meeting alert,2024-01-12T11:00:00
REM1102,U190,Submit report,2024-01-12T11:15:00
REM1103,U21,Drink water,2024-01-12T11:30:00
REM1104,U61,Practice coding,2024-01-12T11:45:00
REM1105,U157,Practice coding,2024-01-12T12:00:00
REM1106,U156,Submit report,2024-01-12T12:15:00
REM1107,U249,Exam reminder,2024-01-12T12:30:00
REM1108,U74,Drink water,2024-01-12T12:45:00
REM1109,U216,Exam reminder,2024-01-12T13:00:00
REM1110,U157,Submit report,2024-01-12T13:15:00
REM1111,U111,Drink water,2024-01-12T13:30:00
REM1112,U251,Exam reminder,2024-01-12T13:45:00
REM1113,U63,Practice coding,2024-01-12T14:00:00
REM1114,U35,Exam reminder,2024-01-12T14:15:00
REM1115,U214,Check emails,2024-01-12T14:30:00
REM1116,U294,Submit report,2024-01-12T14:45:00
REM1117,U290,Check emails,2024-01-12T15:00:00
REM1118,U173,Pay bill,2024-01-12T15:15:00
REM1119,U244,Drink water,2024-01-12T15:30:00
REM1120,U71,Check emails,2024-01-12T15:45:00
REM1121,U231,Check emails,2024-01-12T16:00:00
REM1122,U77,Practice coding,2024-01-12T16:15:00
REM1123,U46,Pay bill,2024-01-12T16:30:00
REM1124,U199,Call teammate,2024-01-12T16:45:00
REM1125,U203,Practice coding,2024-01-12T17:00:00
REM1126,U277,Exam reminder,2024-01-12T17:15:00
REM1127,U227,Submit report,2024-01-12T17:30:00
REM1128,U46,Drink water,2024-01-12T17:45:00
REM1129,U13,Submit report,2024-01-12T18:00:00
REM1130,U288,Meeting alert,2024-01-12T18:15:00
REM1131,U287,Meeting alert,2024-01-12T18:30:00
REM1132,U99,Exam reminder,2024-01-12T18:45:00
REM1133,U292,Call teammate,2024-01-12T19:00:00
REM1134,U244,Exam reminder,2024-01-12T19:15:00
REM1135,U62,Drink water,2024-01-12T19:30:00
REM1136,U10,Submit report,2024-01-12T19:45:00
REM1137,U106,Call teammate,2024-01-12T20:00:00
REM1138,U297,Check emails,2024-01-12T20:15:00
REM1139,U44,Practice coding,2024-01-12T20:30:00
REM1140,U206,Exam reminder,2024-01-12T20:45:00
REM1141,U252,Exam reminder,2024-01-12T21:00:00
REM1142,U175,Pay bill,2024-01-12T21:15:00
REM1143,U93,Pay bill,2024-01-12T21:30:00
REM1144,U13,Practice coding,2024-01-12T21:45:00
REM1145,U196,Submit report,2024-01-12T22:00:00
REM1146,U47,Meeting alert,2024-01-12T22:15:00
REM1147,U51,Drink water,2024-01-12T22:30:00
REM1148,U147,Drink water,2024-01-12T22:45:00
REM1149,U94,Submit report,2024-01-12T23:00:00
REM1150,U46,Drink water,2024-01-12T23:15:00
REM1151,U158,Pay bill,2024-01-12T23:30:00
REM1152,U87,Exam reminder,2024-01-12T23:45:00
REM1153,U167,Drink water,2024-01-13T00:00:00
REM1154,U14,Exam reminder,2024-01-13T00:15:00
REM1155,U153,Pay bill,2024-01-13T00:30:00
REM1156,U51,Practice coding,2024-01-13T00:45:00
REM1157,U73,Pay bill,2024-01-13T01:00:00
REM1158,U166,Submit report,2024-01-13T01:15:00
REM1159,U193,Meeting alert,2024-01-13T01:30:00
REM1160,U27,Call teammate,2024-01-13T01:45:00
REM1161,U123,Call teammate,2024-01-13T02:00:00
REM1162,U253,Pay bill,2024-01-13T02:15:00
REM1163,U59,Submit report,2024-01-13T02:30:00
REM1164,U32,Practice coding,2024-01-13T02:45:00
REM1165,U238,Pay bill,2024-01-13T03:00:00
REM1166,U34,Check emails,2024-01-13T03:15:00
REM1167,U15,Pay bill,2024-01-13T03:30:00
REM1168,U120,Exam reminder,2024-01-13T03:45:00
REM1169,U138,Meeting alert,2024-01-13T04:00:00
REM1170,U127,Drink water,2024-01-13T04:15:00
REM1171,U156,Pay bill,2024-01-13T04:30:00
REM1172,U229,Meeting alert,2024-01-13T04:45:00
REM1173,U257,Call teammate,2024-01-13T05:00:00
REM1174,U73,Practice coding,2024-01-13T05:15:00
REM1175,U277,Drink water,2024-01-13T05:30:00
REM1176,U126,Pay bill,2024-01-13T05:45:00
REM1177,U285,Check emails,2024-01-13T06:00:00
REM1178,U22,Exam reminder,2024-01-13T06:15:00
REM1179,U238,Submit report,2024-01-13T06:30:00
REM1180,U86,Exam reminder,2024-01-13T06:45:00
REM1181,U31,Check emails,2024-01-13T07:00:00
REM1182,U140,Submit report,2024-01-13T07:15:00
REM1183,U195,Practice coding,2024-01-13T07:30:00
REM1184,U109,Submit report,2024-01-13T07:45:00
REM1185,U24,Drink water,2024-01-13T08:00:00
REM1186,U274,Meeting alert,2024-01-13T08:15:00
REM1187,U154,Meeting alert,2024-01-13T08:30:00
REM1188,U203,Meeting alert,2024-01-13T08:45:00
REM1189,U72,Submit report,2024-01-13T09:00:00
REM1190,U222,Call teammate,2024-01-13T09:15:00
REM1191,U259,Practice coding,2024-01-13T09:30:00
REM1192,U176,Submit report,2024-01-13T09:45:00
REM1193,U232,Submit report,2024-01-13T10:00:00
REM1194,U126,Practice coding,2024-01-13T10:15:00
REM1195,U175,Call teammate,2024-01-13T10:30:00
REM1196,U236,Practice coding,2024-01-13T10:45:00
REM1197,U9,Drink water,2024-01-13T11:00:00
REM1198,U2,Check emails,2024-01-13T11:15:00
REM1199,U3,Exam reminder,2024-01-13T11:30:00
REM1200,U89,Pay bill,2024-01-13T11:45:00
